layers,3,3,1
weights,-20.310123043074796,-15.483417621161546,5.871093498478892,10.895610483573295,6.966764691843848,10.528597617566493,0.8995627223568978,-24.530617222169855,36.58269294147421,-37.01654283172116,57.71708586646703,-16.709255836290104
biases,-3.2348476685355037,-0.012555960302514487,-26.269248306372695,-2.1154973989384485
