layers,3,3,2
weights,0.24945198025434115,0.3,-0.3,-0.3,-0.3,-0.3,-0.3,-0.0831921349259167,0.2444368418290242,0.3,-0.3,0.3,0.3,0.1960484303553228,0.3
biases,0.07485479469272009,0.3,0.1868692816881895,-0.3,0.3
