layers,5,3,1
weights,-1.0940194144772328,43.6510887860817,-21.995989442213315,6.643878635938117,28.834026847754433,40.854276587931324,24.594952016580212,-28.305268175068257,-11.823210147277294,-27.22586526109883,84.98603280542642,58.60789769423893,9.522118118762533,66.75576646591063,1.0597610368239492,0.5206411152233006,33.7561627522584,60.088444197662525
biases,18.9042070735965,6.204714624783059,-1.5614332943395572,29.292617835994413
